gi_556503834_ref_NC_000913.3_	NODE_1_length_5665_cov_23.404259	NODE_1_length_5665_cov_23.404259	NODE_2_length_2607_cov_10.450593	NODE_3_length_1543_cov_0.568895	NODE_4_length_1536_cov_0.411241	NODE_5_length_1496_cov_14.614517	NODE_5_length_1496_cov_14.614517	NODE_6_length_1434_cov_41.382461	NODE_6_length_1434_cov_41.382461	NODE_7_length_1369_cov_0.869969	NODE_8_length_1216_cov_1.181738	NODE_9_length_1121_cov_7.977011	NODE_10_length_1031_cov_0.529350	NODE_11_length_940_cov_0.577057	NODE_12_length_656_cov_0.286701	NODE_13_length_611_cov_0.344569	NODE_14_length_592_cov_0.539806	NODE_15_length_591_cov_0.190661	NODE_16_length_569_cov_0.601626	NODE_17_length_566_cov_0.235174	NODE_18_length_544_cov_0.353319	NODE_19_length_503_cov_0.429577	NODE_20_length_503_cov_0.307512
